"","A","R","N","D","C","Q","E","G","H","I","L","K","M","F","P","S","T","W","Y","V","X","-"
"A",0.53333,0.2,0.13333,0.13333,0.26667,0.2,0.2,0.26667,0.13333,0.2,0.2,0.2,0.2,0.13333,0.2,0.33333,0.26667,0.06667,0.13333,0.26667,0.26667,0
"R",0.2,0.6,0.26667,0.13333,0.06667,0.33333,0.26667,0.13333,0.26667,0.06667,0.13333,0.4,0.2,0.06667,0.13333,0.2,0.2,0.06667,0.13333,0.06667,0.2,0
"N",0.13333,0.26667,0.66667,0.33333,0.06667,0.26667,0.26667,0.26667,0.33333,0.06667,0.06667,0.26667,0.13333,0.06667,0.13333,0.33333,0.26667,0,0.13333,0.06667,0.2,0
"D",0.13333,0.13333,0.33333,0.66667,0.06667,0.26667,0.4,0.2,0.2,0.06667,0,0.2,0.06667,0.06667,0.2,0.26667,0.2,0,0.06667,0.06667,0.2,0
"C",0.26667,0.06667,0.06667,0.06667,0.86667,0.06667,0,0.06667,0.06667,0.2,0.2,0.06667,0.2,0.13333,0.06667,0.2,0.2,0.13333,0.13333,0.2,0.13333,0
"Q",0.2,0.33333,0.26667,0.26667,0.06667,0.6,0.4,0.13333,0.26667,0.06667,0.13333,0.33333,0.26667,0.06667,0.2,0.26667,0.2,0.13333,0.2,0.13333,0.2,0
"E",0.2,0.26667,0.26667,0.4,0,0.4,0.6,0.13333,0.26667,0.06667,0.06667,0.33333,0.13333,0.06667,0.2,0.26667,0.2,0.06667,0.13333,0.13333,0.2,0
"G",0.26667,0.13333,0.26667,0.2,0.06667,0.13333,0.13333,0.66667,0.13333,0,0,0.13333,0.06667,0.06667,0.13333,0.26667,0.13333,0.13333,0.06667,0.06667,0.2,0
"H",0.13333,0.26667,0.33333,0.2,0.06667,0.26667,0.26667,0.13333,0.8,0.06667,0.06667,0.2,0.13333,0.2,0.13333,0.2,0.13333,0.13333,0.4,0.06667,0.2,0
"I",0.2,0.06667,0.06667,0.06667,0.2,0.06667,0.06667,0,0.06667,0.53333,0.4,0.06667,0.33333,0.26667,0.06667,0.13333,0.2,0.06667,0.2,0.46667,0.2,0
"L",0.2,0.13333,0.06667,0,0.2,0.13333,0.06667,0,0.06667,0.4,0.53333,0.13333,0.4,0.26667,0.06667,0.13333,0.2,0.13333,0.2,0.33333,0.2,0
"K",0.2,0.4,0.26667,0.2,0.06667,0.33333,0.33333,0.13333,0.2,0.06667,0.13333,0.6,0.2,0.06667,0.2,0.26667,0.2,0.06667,0.13333,0.13333,0.2,0
"M",0.2,0.2,0.13333,0.06667,0.2,0.26667,0.13333,0.06667,0.13333,0.33333,0.4,0.2,0.6,0.26667,0.13333,0.2,0.2,0.2,0.2,0.33333,0.2,0
"F",0.13333,0.06667,0.06667,0.06667,0.13333,0.06667,0.06667,0.06667,0.2,0.26667,0.26667,0.06667,0.26667,0.66667,0,0.13333,0.13333,0.33333,0.46667,0.2,0.2,0
"P",0.2,0.13333,0.13333,0.2,0.06667,0.2,0.2,0.13333,0.13333,0.06667,0.06667,0.2,0.13333,0,0.73333,0.2,0.2,0,0.06667,0.13333,0.13333,0
"S",0.33333,0.2,0.33333,0.26667,0.2,0.26667,0.26667,0.26667,0.2,0.13333,0.13333,0.26667,0.2,0.13333,0.2,0.53333,0.33333,0.06667,0.13333,0.13333,0.26667,0
"T",0.26667,0.2,0.26667,0.2,0.2,0.2,0.2,0.13333,0.13333,0.2,0.2,0.2,0.2,0.13333,0.2,0.33333,0.6,0.13333,0.13333,0.26667,0.26667,0
"W",0.06667,0.06667,0,0,0.13333,0.13333,0.06667,0.13333,0.13333,0.06667,0.13333,0.06667,0.2,0.33333,0,0.06667,0.13333,1,0.4,0.06667,0.13333,0
"Y",0.13333,0.13333,0.13333,0.06667,0.13333,0.2,0.13333,0.06667,0.4,0.2,0.2,0.13333,0.2,0.46667,0.06667,0.13333,0.13333,0.4,0.73333,0.2,0.2,0
"V",0.26667,0.06667,0.06667,0.06667,0.2,0.13333,0.13333,0.06667,0.06667,0.46667,0.33333,0.13333,0.33333,0.2,0.13333,0.13333,0.26667,0.06667,0.2,0.53333,0.2,0
"X",0.26667,0.2,0.2,0.2,0.13333,0.2,0.2,0.2,0.2,0.2,0.2,0.2,0.2,0.2,0.13333,0.26667,0.26667,0.13333,0.2,0.2,0.2,0
"-",0,0,0,0,0,0,0,0,0,0,0,0,0,0,0,0,0,0,0,0,0,0.33333
